,case_number,prompt,evaluation_seed,artist
40,40,A moment of stillness in the turbulent times of Rembrandt,2720,Rembrandt
41,41,Faces of Rembrandt's era in his signature chiaroscuro style,2425,Rembrandt
42,42,A masterfully painted self-portrait by Rembrandt,2526,Rembrandt
43,43,A glimpse of Rembrandt's Amsterdam through his painting,3245,Rembrandt
44,44,A mother's loving gaze captured by Rembrandt,4342,Rembrandt
45,45,A contemplative moment in Rembrandt's studio,2669,Rembrandt
46,46,A strikingly realistic portrait of Rembrandt's contemporary,4478,Rembrandt
47,47,The play of light and shadow in Rembrandt's iconic Night Watch,4033,Rembrandt
48,48,Rembrandt's skillful depiction of a biblical scene,4611,Rembrandt
49,49,A poignant moment in Rembrandt's painting of the Prodigal Son,603,Rembrandt
50,50,The emotion conveyed in Rembrandt's portrayal of Christ,1133,Rembrandt
51,51,Rembrandt's signature brushstrokes in a pastoral scene,1430,Rembrandt
52,52,The beauty and power of Rembrandt's etchings,101,Rembrandt
53,53,A quiet moment in Rembrandt's interior scene,4521,Rembrandt
54,54,A closer look at the intricacies of Rembrandt's The Anatomy Lesson of Dr. Nicolaes Tulp,2739,Rembrandt
55,55,The drama and tension in Rembrandt's The Abduction of Europa,1024,Rembrandt
56,56,The humanity and depth in Rembrandt's portraits,4869,Rembrandt
57,57,A somber and contemplative moment in Rembrandt's painting of the Deposition,2214,Rembrandt
58,58,Rembrandt's mastery of capturing the human form,1489,Rembrandt
59,59,A moment of intimacy and tenderness in Rembrandt's painting of a couple embracing,3324,Rembrandt
